-- ============================================================
-- Seed 003: Lecturers, Courses, Curriculums, Prerequisites
-- Generated automatically from data_kurikulum PDFs
-- ============================================================
SET FOREIGN_KEY_CHECKS = 0;

-- ── LECTURERS ─────────────────────────────────────────────
TRUNCATE TABLE lecturers;
INSERT INTO lecturers (id, name) VALUES
  (1, 'Andrew T. Liem'),
  (2, 'Green Mandias'),
  (3, 'Stenly R. Pungus'),
  (4, 'Debby E. Sondakh'),
  (5, 'Edson Y. Putra'),
  (6, 'Green A. Sandag'),
  (7, 'Jacquline M. S. Waworundeng'),
  (8, 'Jimmy H. Moedjahedy'),
  (9, 'Joe Y. Mambu'),
  (10, 'Lidya C. Laoh'),
  (11, 'Marchell Tombeng'),
  (12, 'Oktoverano H. Lengkong'),
  (13, 'Reymon Rotikan'),
  (14, 'Reynoldus A. Sahulata'),
  (15, 'Rolly Lontaan'),
  (16, 'Semmy W. Taju'),
  (17, 'Stenly I. Adam'),
  (18, 'Raissa Camila'),
  (19, 'Andrew Tambunan'),
  (20, 'Andria K. Wahyudi'),
  (21, 'Wilsen Mokodaser');

-- ── COURSES ────────────────────────────────────────────────
TRUNCATE TABLE courses;
INSERT INTO courses (code, name, class, lecturer_name, lecturer_id, credits, cohort_target) VALUES
  ('MATH000', 'Matematika', 'A', 'Raissa Camila', 18, 2, 2024),
  ('COPS000', 'Keterampilan Komputer Dasar', 'A', 'Andrew T. Liem', 1, 3, 2024),
  ('WEDU001', 'Pendidikan Keterampilan', 'A', 'Debby E. Sondakh', 4, 1, 2024),
  ('BIU000', 'Bahasa Inggris Pemula', 'A', 'Jacquline M. S. Waworundeng', 7, 3, 2024),
  ('FILG181', 'Teladan Kehidupan I', 'A', 'Rolly Lontaan', 15, 2, 2024),
  ('GEN001', 'Bahasa Inggris Dasar I', 'A', 'Andrew Tambunan', 19, 3, 2024),
  ('IF1111', 'Pengantar Komputer', 'A', 'Semmy W. Taju', 16, 3, 2024),
  ('IS1113', 'Pemrograman Komputer', 'A', 'Edson Y. Putra', 5, 6, 2024),
  ('IF1112', 'Dasar Aljabar Linear', 'A', 'Rolly Lontaan', 15, 3, 2024),
  ('BIU101', 'Bahasa Inggris Pra Dasar', 'A', 'Raissa Camila', 18, 3, 2024),
  ('FILG182', 'Teladan Kehidupan II', 'A', 'Semmy W. Taju', 16, 2, 2024),
  ('IS1221', 'Matematika Diskrit', 'A', 'Raissa Camila', 18, 3, 2024),
  ('IF1222', 'Kalkulus', 'A', 'Joe Y. Mambu', 9, 3, 2024),
  ('IF1223', 'Logika Informatika', 'A', 'Andrew Tambunan', 19, 3, 2024),
  ('IS1224', 'Struktur Data dan Algoritma', 'A', 'Edson Y. Putra', 5, 3, 2024),
  ('BIU102', 'Bahasa Inggris Dasar', 'A', 'Rolly Lontaan', 15, 3, 2024),
  ('EDU112', 'Filsafat Pendidikan Kristen', 'A', 'Marchell Tombeng', 11, 2, 2024),
  ('GEN101', 'Bahasa Inggris Pra Menengah I', 'A', 'Stenly R. Pungus', 3, 3, 2024),
  ('FILG283', 'Prinsip-Prinsip Nilai Kristiani', 'A', 'Marchell Tombeng', 11, 2, 2024),
  ('PPKN101', 'Pendidikan Kewarganegaraan', 'A', 'Edson Y. Putra', 5, 3, 2024),
  ('IF2131', 'Organisasi dan Arsitektur Komputer', 'A', 'Andria K. Wahyudi', 20, 3, 2024),
  ('IS2133', 'Pengantar Basisdata', 'A', 'Stenly I. Adam', 17, 3, 2024),
  ('IS2134', 'Statistik dan Probabilitas', 'A', 'Raissa Camila', 18, 3, 2024),
  ('IS2132', 'Perancangan Web', 'A', 'Debby E. Sondakh', 4, 3, 2024),
  ('BIU203', 'Bahasa Inggris Pra Menengah I', 'A', 'Green Mandias', 2, 3, 2024),
  ('GEN102', 'Bahasa Inggris Pra Menengah II', 'A', 'Andrew Tambunan', 19, 3, 2024),
  ('FILG284', 'Orang Muda dan Dunia', 'A', 'Raissa Camila', 18, 2, 2024),
  ('IF2243', 'Jaringan Komputer I', 'A', 'Green Mandias', 2, 3, 2024),
  ('IF2244', 'Sistem Cerdas', 'A', 'Joe Y. Mambu', 9, 3, 2024),
  ('IF2245', 'Teori Bahasa dan Automata', 'A', 'Andrew Tambunan', 19, 3, 2024),
  ('IS2241', 'Sistem Manajemen Basisdata', 'A', 'Marchell Tombeng', 11, 3, 2024),
  ('IS2243', 'Pemrograman Berorientasi Objek', 'A', 'Stenly R. Pungus', 3, 3, 2024),
  ('BIU204', 'Bahasa Inggris Pra Menengah II', 'A', 'Stenly R. Pungus', 3, 3, 2024),
  ('FILG385', 'Kehidupan Keluarga', 'A', 'Jimmy H. Moedjahedy', 8, 2, 2024),
  ('IF3156', 'Jaringan Komputer II', 'A', 'Wilsen Mokodaser', 21, 3, 2024),
  ('IF3155', 'Pemrograman Visual', 'A', 'Green Mandias', 2, 3, 2024),
  ('IS3151', 'Pengembangan Web Front-End', 'A', 'Reymon Rotikan', 13, 3, 2024),
  ('IS3152', 'Analisis dan Perancangan Sistem', 'A', 'Jimmy H. Moedjahedy', 8, 3, 2024),
  ('IF3153', 'Konsep Sistem Operasi', 'A', 'Stenly R. Pungus', 3, 3, 2024),
  ('IS3262', 'Interaksi Manusia dan Komputer', 'A', 'Marchell Tombeng', 11, 3, 2024),
  ('FILG386', 'Kehidupan di Akhir Zaman', 'A', 'Andrew T. Liem', 1, 2, 2024),
  ('IF3266', 'Grafika Komputer', 'A', 'Marchell Tombeng', 11, 3, 2024),
  ('IF3262', 'Pengembangan Web Back-End', 'A', 'Rolly Lontaan', 15, 3, 2024),
  ('IF3263', 'Kecerdasan Buatan', 'A', 'Semmy W. Taju', 16, 3, 2024),
  ('IF3264', 'Rekayasa Perangkat Lunak', 'A', 'Rolly Lontaan', 15, 3, 2024),
  ('IS3261', 'Pengembangan Perangkat Bergerak', 'A', 'Raissa Camila', 18, 3, 2024),
  ('IS3265', 'Metodologi Penelitian', 'A', 'Marchell Tombeng', 11, 3, 2024),
  ('IS4171', 'Skripsi I', 'A', 'Edson Y. Putra', 5, 3, 2024),
  ('IS2245', 'Penulisan Ilmiah', 'A', 'Andria K. Wahyudi', 20, 2, 2024),
  ('IF4172', 'Pengantar Pengembangan Game', 'A', 'Semmy W. Taju', 16, 3, 2024),
  ('IF4173', 'Pemrograman Sistem', 'A', 'Andria K. Wahyudi', 20, 3, 2024),
  ('IS4281', 'Skripsi II', 'A', 'Joe Y. Mambu', 9, 3, 2024),
  ('IF4282', 'Robotika', 'A', 'Semmy W. Taju', 16, 3, 2024),
  ('IS2242', 'Kewirausahaan', 'A', 'Semmy W. Taju', 16, 3, 2024),
  ('IF4174', 'Etika Komputer', 'A', 'Andrew T. Liem', 1, 2, 2024),
  ('IF4291', 'Desain untuk Visualisasi dan Komputer', 'A', 'Jacquline M. S. Waworundeng', 7, 3, 2024),
  ('IF4292', 'Pemrograman Game', 'A', 'Debby E. Sondakh', 4, 3, 2024),
  ('IF4191', 'Pengantar Animasi', 'A', 'Debby E. Sondakh', 4, 3, 2024),
  ('IF4192', 'Prinsip-Prinsip Desain Kreatif', 'A', 'Marchell Tombeng', 11, 3, 2024),
  ('IF4294', 'Pemrosesan Bahasa Alami', 'A', 'Jimmy H. Moedjahedy', 8, 3, 2024),
  ('IS3154', 'Penambangan dan Pergudangan Data', 'A', 'Debby E. Sondakh', 4, 3, 2024),
  ('IF4293', 'Pembelajaran Mesin', 'A', 'Andrew T. Liem', 1, 3, 2024),
  ('IF4194', 'Pencarian Informasi', 'A', 'Marchell Tombeng', 11, 3, 2024),
  ('IF4195', 'Manajemen Proyek', 'A', 'Jacquline M. S. Waworundeng', 7, 3, 2024),
  ('IF4196', 'Internet untuk Segala', 'A', 'Stenly I. Adam', 17, 3, 2024),
  ('IF4295', 'Teknik Cloud', 'A', 'Green Mandias', 2, 3, 2024),
  ('IF4296', 'Rekayasa DevOps', 'A', 'Edson Y. Putra', 5, 3, 2024),
  ('CNET402', 'Jaringan Nirkabel dan Perangkat Bergerak', 'A', 'Green Mandias', 2, 3, 2024),
  ('BENG330', 'Komunikasi Bisnis Bahasa Inggris', 'A', 'Lidya C. Laoh', 10, 3, 2024),
  ('BBEN320', 'Korespondensi Bisnis Bahasa Inggris', 'A', 'Edson Y. Putra', 5, 3, 2024),
  ('ELIT271', 'Studi Literatur I', 'A', 'Edson Y. Putra', 5, 3, 2024),
  ('BIU305', 'Bahasa Inggris Menengah I', 'A', 'Debby E. Sondakh', 4, 3, 2024),
  ('BIU306', 'Bahasa Inggris Menengah II', 'A', 'Green Mandias', 2, 3, 2024),
  ('GEN306', 'Bahasa Inggris Menengah Atas II', 'A', 'Semmy W. Taju', 16, 3, 2024),
  ('ESP402', 'Korespondensi Bisnis Bahasa Inggris', 'A', 'Green A. Sandag', 6, 3, 2024),
  ('ESP403', 'Komunikasi Bisnis Bahasa Inggris', 'A', 'Green A. Sandag', 6, 3, 2024),
  ('ENG433', 'Penulisan Akademik Bahasa Inggris III', 'A', 'Stenly R. Pungus', 3, 3, 2024),
  ('SI42902', 'Mata Kuliah Pilihan untuk Studi Independen 2', 'A', 'Raissa Camila', 18, 2, 2024),
  ('SI42903', 'Mata Kuliah Pilihan untuk Studi Independen 3', 'A', 'Stenly I. Adam', 17, 3, 2024),
  ('SI42905', 'Mata Kuliah Pilihan untuk Studi Independen 5', 'A', 'Reynoldus A. Sahulata', 14, 5, 2024),
  ('SI42904', 'Mata Kuliah Pilihan untuk Studi Independen 4', 'A', 'Reymon Rotikan', 13, 4, 2024),
  ('SI42906', 'Mata Kuliah Pilihan untuk Studi Independen 6', 'A', 'Andria K. Wahyudi', 20, 6, 2024),
  ('SI42907', 'Mata Kuliah Pilihan untuk Studi Independen 7', 'A', 'Green A. Sandag', 6, 7, 2024),
  ('SI42908', 'Mata Kuliah Pilihan untuk Studi Independen 8', 'A', 'Wilsen Mokodaser', 21, 8, 2024),
  ('SI42909', 'Mata Kuliah Pilihan untuk Studi Independen 9', 'A', 'Wilsen Mokodaser', 21, 9, 2024),
  ('SI42910', 'Mata Kuliah Pilihan untuk Studi Independen 10', 'A', 'Andria K. Wahyudi', 20, 10, 2024),
  ('SI42911', 'Mata Kuliah Pilihan untuk Studi Independen 11', 'A', 'Raissa Camila', 18, 11, 2024),
  ('SI42912', 'Mata Kuliah Pilihan untuk Studi Independen 12', 'A', 'Debby E. Sondakh', 4, 12, 2024),
  ('IS1111', 'Dasar Infrastruktur IT', 'A', 'Joe Y. Mambu', 9, 3, 2024),
  ('IS1112', 'Manajemen Proses Bisnis', 'A', 'Wilsen Mokodaser', 21, 3, 2024),
  ('GEN002', 'Bahasa Inggris Dasar II', 'A', 'Oktoverano H. Lengkong', 12, 3, 2024),
  ('PEND131', 'Filsafat Pendidikan Kristen', 'A', 'Green A. Sandag', 6, 2, 2024),
  ('IS1222', 'Pengantar Akuntansi Keuangan', 'A', 'Andrew Tambunan', 19, 3, 2024),
  ('IS1223', 'Jaringan Komputer', 'A', 'Semmy W. Taju', 16, 3, 2024),
  ('IS2131', 'Sistem Informasi Manajemen', 'A', 'Jacquline M. S. Waworundeng', 7, 3, 2024),
  ('IS2244', 'Etika Komputer dan Profesi', 'A', 'Oktoverano H. Lengkong', 12, 3, 2024),
  ('IS3153', 'Keamanan Sistem Informasi', 'A', 'Andria K. Wahyudi', 20, 3, 2024),
  ('IS3155', 'Rekayasa Proses Bisnis', 'A', 'Lidya C. Laoh', 10, 3, 2024),
  ('IS3156', 'Bisnis Elektronik', 'A', 'Reymon Rotikan', 13, 3, 2024),
  ('IS3263', 'Visualisasi Data', 'A', 'Wilsen Mokodaser', 21, 3, 2024),
  ('IS3264', 'Manajemen Proyek Teknologi Informasi', 'A', 'Reynoldus A. Sahulata', 14, 3, 2024),
  ('IS3266', 'Kecerdasan dan Analisis Bisnis', 'A', 'Oktoverano H. Lengkong', 12, 3, 2024),
  ('IS4172', 'Perilaku Organisasi', 'A', 'Jacquline M. S. Waworundeng', 7, 3, 2024),
  ('IS4173', 'Manajemen Pengetahuan', 'A', 'Stenly R. Pungus', 3, 3, 2024),
  ('IS4174', 'Desain UI dan UX', 'A', 'Green Mandias', 2, 3, 2024),
  ('IS4175', 'Pengelolaan Teknologi Informasi', 'A', 'Green Mandias', 2, 3, 2024),
  ('IS4282', 'Audit Sistem Informasi', 'A', 'Stenly I. Adam', 17, 3, 2024),
  ('IS4283', 'Sistem Pendukung Keputusan', 'A', 'Rolly Lontaan', 15, 3, 2024),
  ('IS4284', 'Sistem Perencanaan Sumberdaya Perusahaan', 'A', 'Marchell Tombeng', 11, 3, 2024),
  ('IS4191', 'Manajemen Resiko', 'A', 'Wilsen Mokodaser', 21, 3, 2024),
  ('IS4192', 'Manajemen Layanan IT', 'A', 'Stenly R. Pungus', 3, 3, 2024),
  ('IS4291', 'Manajemen Kelangsungan Bisnis', 'A', 'Andrew Tambunan', 19, 3, 2024),
  ('IS4292', 'Manajemen Perubahan', 'A', 'Joe Y. Mambu', 9, 3, 2024),
  ('IS4193', 'Strategi Pemasaran Digital', 'A', 'Marchell Tombeng', 11, 3, 2024),
  ('IS4194', 'Periklanan', 'A', 'Debby E. Sondakh', 4, 3, 2024),
  ('IS4293', 'Kampanye dan Analisis Sosial Media', 'A', 'Marchell Tombeng', 11, 3, 2024),
  ('IS4294', 'Monetasi Inovasi', 'A', 'Semmy W. Taju', 16, 3, 2024),
  ('IS4195', 'Inovasi dan Kewirausahaan', 'A', 'Green A. Sandag', 6, 3, 2024),
  ('IS4196', 'Meluncurkan Usaha Baru', 'A', 'Andrew T. Liem', 1, 3, 2024),
  ('IS4295', 'Strategi Pengembangan Bisnis', 'A', 'Edson Y. Putra', 5, 3, 2024),
  ('IS4296', 'Pemodalan Usaha', 'A', 'Stenly R. Pungus', 3, 3, 2024),
  ('BENG310', 'Bahasa Inggris Bisnis Membaca dan Kosakata', 'A', 'Green A. Sandag', 6, 3, 2024),
  ('BENG320', 'Korespondensi Bisnis Bahasa Inggris', 'A', 'Wilsen Mokodaser', 21, 3, 2024),
  ('ESP401', 'Bahasa Inggris Bisnis Membaca dan Kosakata', 'A', 'Raissa Camila', 18, 3, 2024);

-- ── CURRICULUMS ─────────────────────────────────────────────
TRUNCATE TABLE curriculums;
INSERT INTO curriculums (course_code, study_program, semester, course_type) VALUES
  ('MATH000', 'Informatika', 0, 'Pre-requisite'),
  ('COPS000', 'Informatika', 0, 'Pre-requisite'),
  ('WEDU001', 'Informatika', 0, 'Pre-requisite'),
  ('BIU000', 'Informatika', 0, 'Pre-requisite'),
  ('FILG181', 'Informatika', 1, 'General'),
  ('GEN001', 'Informatika', 1, 'General'),
  ('IF1111', 'Informatika', 1, 'Basic'),
  ('IS1113', 'Informatika', 1, 'Major'),
  ('IF1112', 'Informatika', 1, 'Basic'),
  ('BIU101', 'Informatika', 1, 'General'),
  ('FILG182', 'Informatika', 2, 'General'),
  ('IS1221', 'Informatika', 2, 'Basic'),
  ('IF1222', 'Informatika', 2, 'Basic'),
  ('IF1223', 'Informatika', 2, 'Major'),
  ('IS1224', 'Informatika', 2, 'Major'),
  ('BIU102', 'Informatika', 2, 'General'),
  ('EDU112', 'Informatika', 2, 'General'),
  ('GEN101', 'Informatika', 3, 'General'),
  ('FILG283', 'Informatika', 3, 'General'),
  ('PPKN101', 'Informatika', 3, 'General'),
  ('IF2131', 'Informatika', 3, 'Major'),
  ('IS2133', 'Informatika', 3, 'Major'),
  ('IS2134', 'Informatika', 3, 'Major'),
  ('IS2132', 'Informatika', 3, 'Major'),
  ('BIU203', 'Informatika', 3, 'General'),
  ('GEN102', 'Informatika', 4, 'General'),
  ('FILG284', 'Informatika', 4, 'General'),
  ('IF2243', 'Informatika', 4, 'Major'),
  ('IF2244', 'Informatika', 4, 'Major'),
  ('IF2245', 'Informatika', 4, 'Major'),
  ('IS2241', 'Informatika', 4, 'Major'),
  ('IS2243', 'Informatika', 4, 'Major'),
  ('BIU204', 'Informatika', 4, 'General'),
  ('FILG385', 'Informatika', 5, 'General'),
  ('IF3156', 'Informatika', 5, 'Major'),
  ('IF3155', 'Informatika', 5, 'Major'),
  ('IS3151', 'Informatika', 5, 'Major'),
  ('IS3152', 'Informatika', 5, 'Major'),
  ('IF3153', 'Informatika', 5, 'Major'),
  ('IS3262', 'Informatika', 5, 'Major'),
  ('FILG386', 'Informatika', 6, 'General'),
  ('IF3266', 'Informatika', 6, 'Major'),
  ('IF3262', 'Informatika', 6, 'Major'),
  ('IF3263', 'Informatika', 6, 'Major'),
  ('IF3264', 'Informatika', 6, 'Major'),
  ('IS3261', 'Informatika', 6, 'Major'),
  ('IS3265', 'Informatika', 6, 'Major'),
  ('IS4171', 'Informatika', 7, 'Major'),
  ('IS2245', 'Informatika', 7, 'Major'),
  ('IF4172', 'Informatika', 7, 'Major'),
  ('IF4173', 'Informatika', 7, 'Major'),
  ('IS4281', 'Informatika', 8, 'Major'),
  ('IF4282', 'Informatika', 8, 'Major'),
  ('IS2242', 'Informatika', 8, 'Major'),
  ('IF4174', 'Informatika', 8, 'Major'),
  ('IF4291', 'Informatika', 9, 'Elective'),
  ('IF4292', 'Informatika', 9, 'Elective'),
  ('IF4191', 'Informatika', 9, 'Elective'),
  ('IF4192', 'Informatika', 9, 'Elective'),
  ('IF4294', 'Informatika', 9, 'Elective'),
  ('IS3154', 'Informatika', 9, 'Elective'),
  ('IF4293', 'Informatika', 9, 'Elective'),
  ('IF4194', 'Informatika', 9, 'Elective'),
  ('IF4195', 'Informatika', 9, 'Elective'),
  ('IF4196', 'Informatika', 9, 'Elective'),
  ('IF4295', 'Informatika', 9, 'Elective'),
  ('IF4296', 'Informatika', 9, 'Elective'),
  ('CNET402', 'Informatika', 9, 'Elective'),
  ('BENG330', 'Informatika', 9, 'Elective'),
  ('BBEN320', 'Informatika', 9, 'Elective'),
  ('ELIT271', 'Informatika', 9, 'Elective'),
  ('BIU305', 'Informatika', 9, 'Elective'),
  ('BIU306', 'Informatika', 9, 'Elective'),
  ('GEN306', 'Informatika', 9, 'Elective'),
  ('ESP402', 'Informatika', 9, 'Elective'),
  ('ESP403', 'Informatika', 9, 'Elective'),
  ('ENG433', 'Informatika', 9, 'Elective'),
  ('SI42902', 'Informatika', 9, 'Elective'),
  ('SI42903', 'Informatika', 9, 'Elective'),
  ('SI42905', 'Informatika', 9, 'Elective'),
  ('SI42904', 'Informatika', 9, 'Elective'),
  ('SI42906', 'Informatika', 9, 'Elective'),
  ('SI42907', 'Informatika', 9, 'Elective'),
  ('SI42908', 'Informatika', 9, 'Elective'),
  ('SI42909', 'Informatika', 9, 'Elective'),
  ('SI42910', 'Informatika', 9, 'Elective'),
  ('SI42911', 'Informatika', 9, 'Elective'),
  ('SI42912', 'Informatika', 9, 'Elective'),
  ('WEDU001', 'Sistem Informasi', 0, 'Pre-requisite'),
  ('MATH000', 'Sistem Informasi', 0, 'Pre-requisite'),
  ('COPS000', 'Sistem Informasi', 0, 'Pre-requisite'),
  ('BIU000', 'Sistem Informasi', 0, 'Pre-requisite'),
  ('FILG181', 'Sistem Informasi', 1, 'General'),
  ('GEN001', 'Sistem Informasi', 1, 'General'),
  ('IS1111', 'Sistem Informasi', 1, 'Basic'),
  ('IS1112', 'Sistem Informasi', 1, 'Basic'),
  ('IS1113', 'Sistem Informasi', 1, 'Basic'),
  ('BIU101', 'Sistem Informasi', 1, 'General'),
  ('GEN002', 'Sistem Informasi', 2, 'General'),
  ('PEND131', 'Sistem Informasi', 2, 'General'),
  ('FILG182', 'Sistem Informasi', 2, 'General'),
  ('IS1221', 'Sistem Informasi', 2, 'Major'),
  ('IS1222', 'Sistem Informasi', 2, 'Basic'),
  ('IS1223', 'Sistem Informasi', 2, 'Basic'),
  ('IS1224', 'Sistem Informasi', 2, 'Major'),
  ('BIU102', 'Sistem Informasi', 2, 'General'),
  ('GEN101', 'Sistem Informasi', 3, 'General'),
  ('FILG283', 'Sistem Informasi', 3, 'General'),
  ('PPKN101', 'Sistem Informasi', 3, 'General'),
  ('IS2131', 'Sistem Informasi', 3, 'Major'),
  ('IS2132', 'Sistem Informasi', 3, 'Major'),
  ('IS2133', 'Sistem Informasi', 3, 'Major'),
  ('IS2134', 'Sistem Informasi', 3, 'Basic'),
  ('BIU203', 'Sistem Informasi', 3, 'General'),
  ('GEN102', 'Sistem Informasi', 4, 'Major'),
  ('FILG284', 'Sistem Informasi', 4, 'General'),
  ('IS2241', 'Sistem Informasi', 4, 'Major'),
  ('IS2242', 'Sistem Informasi', 4, 'Major'),
  ('IS2243', 'Sistem Informasi', 4, 'Major'),
  ('IS2244', 'Sistem Informasi', 4, 'Major'),
  ('IS2245', 'Sistem Informasi', 4, 'Major'),
  ('BIU204', 'Sistem Informasi', 4, 'General'),
  ('FILG385', 'Sistem Informasi', 5, 'General'),
  ('IS3151', 'Sistem Informasi', 5, 'Major'),
  ('IS3152', 'Sistem Informasi', 5, 'Major'),
  ('IS3153', 'Sistem Informasi', 5, 'Major'),
  ('IS3154', 'Sistem Informasi', 5, 'Major'),
  ('IS3155', 'Sistem Informasi', 5, 'Major'),
  ('IS3156', 'Sistem Informasi', 5, 'Major'),
  ('FILG386', 'Sistem Informasi', 6, 'General'),
  ('IS3261', 'Sistem Informasi', 6, 'Major'),
  ('IS3262', 'Sistem Informasi', 6, 'Major'),
  ('IS3263', 'Sistem Informasi', 6, 'Major'),
  ('IS3264', 'Sistem Informasi', 6, 'Major'),
  ('IS3265', 'Sistem Informasi', 6, 'Basic'),
  ('IS3266', 'Sistem Informasi', 6, 'Major'),
  ('IS4171', 'Sistem Informasi', 7, 'Major'),
  ('IS4172', 'Sistem Informasi', 7, 'Major'),
  ('IS4173', 'Sistem Informasi', 7, 'Major'),
  ('IS4174', 'Sistem Informasi', 7, 'Major'),
  ('IS4175', 'Sistem Informasi', 7, 'Major'),
  ('IS4281', 'Sistem Informasi', 8, 'Major'),
  ('IS4282', 'Sistem Informasi', 8, 'Major'),
  ('IS4283', 'Sistem Informasi', 8, 'Major'),
  ('IS4284', 'Sistem Informasi', 8, 'Major'),
  ('IS4191', 'Sistem Informasi', 9, 'Elective'),
  ('IS4192', 'Sistem Informasi', 9, 'Elective'),
  ('IS4291', 'Sistem Informasi', 9, 'Elective'),
  ('IS4292', 'Sistem Informasi', 9, 'Elective'),
  ('IS4193', 'Sistem Informasi', 9, 'Elective'),
  ('IS4194', 'Sistem Informasi', 9, 'Elective'),
  ('IS4293', 'Sistem Informasi', 9, 'Elective'),
  ('IS4294', 'Sistem Informasi', 9, 'Elective'),
  ('IS4195', 'Sistem Informasi', 9, 'Elective'),
  ('IS4196', 'Sistem Informasi', 9, 'Elective'),
  ('IS4295', 'Sistem Informasi', 9, 'Elective'),
  ('IS4296', 'Sistem Informasi', 9, 'Elective'),
  ('BENG310', 'Sistem Informasi', 9, 'Elective'),
  ('BENG320', 'Sistem Informasi', 9, 'Elective'),
  ('BENG330', 'Sistem Informasi', 9, 'Elective'),
  ('ELIT271', 'Sistem Informasi', 9, 'Elective'),
  ('BIU305', 'Sistem Informasi', 9, 'Elective'),
  ('BIU306', 'Sistem Informasi', 9, 'Elective'),
  ('ESP401', 'Sistem Informasi', 9, 'Elective'),
  ('ESP402', 'Sistem Informasi', 9, 'Elective'),
  ('ESP403', 'Sistem Informasi', 9, 'Elective'),
  ('ENG433', 'Sistem Informasi', 9, 'Elective');

-- ── PREREQUISITES ───────────────────────────────────────────
TRUNCATE TABLE course_prerequisites;
INSERT INTO course_prerequisites (course_code, prerequisite_code) VALUES
  ('BIU101', 'BIU000'),
  ('FILG182', 'FILG181'),
  ('IS1221', 'MATH000'),
  ('IF1222', 'MATH000'),
  ('IF1223', 'IF1111'),
  ('IS1224', 'IS1113'),
  ('BIU102', 'BIU101'),
  ('EDU112', 'GEN002'),
  ('GEN101', 'GEN002'),
  ('FILG283', 'FILG182'),
  ('PPKN101', 'IF1223'),
  ('PPKN101', 'IS1111'),
  ('IF2131', 'IF1111'),
  ('IS2133', 'IF1111'),
  ('IS2133', 'IS1111'),
  ('IS2134', 'IS1221'),
  ('IS2134', 'MATH000'),
  ('IS2132', 'IS1113'),
  ('IS2132', 'IS1224'),
  ('BIU203', 'BIU102'),
  ('BIU203', 'GEN002'),
  ('BIU203', 'GEN101'),
  ('GEN102', 'GEN101'),
  ('FILG284', 'FILG283'),
  ('IF2243', 'IF2131'),
  ('IF2243', 'MATH000'),
  ('IF2244', 'IS1221'),
  ('IF2245', 'IS1221'),
  ('IS2241', 'IS2133'),
  ('IS2243', 'IS1113'),
  ('BIU204', 'BIU203'),
  ('BIU204', 'GEN101'),
  ('FILG385', 'FILG284'),
  ('IF3156', 'IF2243'),
  ('IF3155', 'IS2243'),
  ('IS3151', 'IS1113'),
  ('IS3151', 'IS2132'),
  ('IS3151', 'IS2243'),
  ('IS3152', 'IS1113'),
  ('IS3152', 'IS2131'),
  ('IF3153', 'IF2131'),
  ('IS3262', 'IS2243'),
  ('IS3262', 'IS3152'),
  ('FILG386', 'FILG385'),
  ('IF3266', 'IS2243'),
  ('IF3262', 'IF2244'),
  ('IF3262', 'IS3151'),
  ('IF3263', 'IS1224'),
  ('IF3263', 'IS3152'),
  ('IF3264', 'IS3262'),
  ('IS3261', 'IS2243'),
  ('IS3261', 'IS3152'),
  ('IS3261', 'IS3262'),
  ('IS3265', 'IS2134'),
  ('IS4171', 'IF3264'),
  ('IS4171', 'IS3265'),
  ('IS2245', 'IS1111'),
  ('IS2245', 'IS2133'),
  ('IF4172', 'IF1223'),
  ('IF4172', 'IF3155'),
  ('IF4173', 'IF2131'),
  ('IS4281', 'IF2131'),
  ('IS4281', 'IS1222'),
  ('IS4281', 'IS4171'),
  ('IF4282', 'IF1223'),
  ('IS2242', 'IF1111'),
  ('IS2242', 'IF3264'),
  ('IS2242', 'IS1112'),
  ('IF4174', 'IF2244'),
  ('IF4291', 'IF4172'),
  ('IF4292', 'IF4172'),
  ('IF4191', 'IF3266'),
  ('IF4192', 'IF3266'),
  ('IF4294', 'IS3154'),
  ('IS3154', 'IS1222'),
  ('IS3154', 'IS2241'),
  ('IF4293', 'IF3263'),
  ('IF4194', 'IS3154'),
  ('IF4195', 'IF3262'),
  ('IF4196', 'IF3262'),
  ('IF4295', 'IF3262'),
  ('IF4296', 'IF3262'),
  ('CNET402', 'GEN102'),
  ('BENG330', 'GEN102'),
  ('BBEN320', 'GEN102'),
  ('ELIT271', 'GEN102'),
  ('BIU305', 'BIU204'),
  ('BIU305', 'GEN102'),
  ('BIU306', 'BIU204'),
  ('BIU306', 'GEN102'),
  ('GEN306', 'BIU204'),
  ('GEN306', 'GEN102'),
  ('ESP402', 'BIU204'),
  ('ESP402', 'GEN102'),
  ('ESP403', 'BIU204'),
  ('ESP403', 'GEN102'),
  ('ENG433', 'BIU204'),
  ('ENG433', 'GEN102'),
  ('GEN002', 'GEN001'),
  ('IS1223', 'IS1111'),
  ('IS2131', 'IS1112'),
  ('IS2244', 'IS1111'),
  ('IS3153', 'IS1223'),
  ('IS3155', 'IS1112'),
  ('IS3155', 'IS2131'),
  ('IS3156', 'IS2132'),
  ('IS3263', 'IS2241'),
  ('IS3264', 'IS3152'),
  ('IS3266', 'IS3154'),
  ('IS4172', 'IS1112'),
  ('IS4173', 'IS3154'),
  ('IS4174', 'IS3262'),
  ('IS4175', 'IS3152'),
  ('IS4282', 'IS3153'),
  ('IS4283', 'IS3154'),
  ('IS4284', 'IS3155'),
  ('IS4191', 'IS3153'),
  ('IS4192', 'IS3155'),
  ('IS4291', 'IS2131'),
  ('IS4292', 'IS1112'),
  ('IS4193', 'IS3261'),
  ('IS4194', 'IS3156'),
  ('IS4293', 'IS3156'),
  ('IS4294', 'IS2242'),
  ('IS4195', 'IS2242'),
  ('IS4196', 'IS2242'),
  ('IS4295', 'IS2242'),
  ('IS4296', 'IS2242'),
  ('BENG310', 'GEN102'),
  ('BENG320', 'GEN102'),
  ('ESP401', 'BIU204'),
  ('ESP401', 'GEN102');

SET FOREIGN_KEY_CHECKS = 1;
-- Done.